Writer,gender
A.J. Poulin,male
Aaron Blitzstein,male
Aaron Ehasz,male
Aaron Harberts,male
Aaron Korsh,male
Aaron Lam,male
Aaron Lee,male
Aaron Shure,male
Aaron Springer,male
Abby Gewanter,female
Abed Gheith,male
Abraham Higginbotham,male
Adam Barr,male
Adam Chase,male
Adam Countee,male
Adam Devine,male
Adam Faberman,male
Adam Frost,male
Adam I. Lapidus,male
Adam J. Karp,male
Adam Lorenzo,male
Adam Markowitz,male
Adam Muto,male
Adam Paloian,male
Adam Reed,male
Adam Stein,male
Adrian Wenner,male
Adrienne Armstrong,female
Aeysha Carr,female
Aiden Spackman,male
Ain Gordon,female
Aisha Muharrar,female
Aiyana White,female
Ako Castuera,female
Al Aidekman,male
Al Jean,male
Alan Alda,male
Alan Ball,male
Alan Cross,male
Alan Dybner,male
Alan Freedland,male
Alan J. Higgins,male
Alan Kirschenbaum,male
Alan R. Cohen,male
Alan Yang,male
Alan Zweibel,male
Alec Berg,male
Alec Sulkin,male
Aleks Sennwald,female
Alessia Costantini,female
Alex Ayers,female
Alex Barnow,male
Alex Blagg,male
Alex Borstein,female
Alex Carter,male
Alex Cooley,female
Alex Cuthbertson,male
Alex Gordon,male
Alex Gregory,male
Alex Herschlag,male
Alex Hirsch,male
Alex Katsnelson,male
Alex Regnery,male
Alex Reid,male
Alex Rubens,male
Alex Sobotowski,male
Alex Yonks,female
Alexa Junge,female
Alexandra Cunningham,female
Alexandra Kaczenski,female
Alexandra McNally,female
Alexandra Rushfield,female
Alexi Hawley,male
Alexis Wilkinson,female
Alfonso H. Moreno,male
Ali Adler,female
Ali Waller,female
Alicia Sky Varinaitis,female
Alison Agosti,female
Alison Flierl,female
Alison McDonald,female
Alison Tafel,female
Alison Taylor,female
Alissa Neubauer,female
Allan Davis,male
Allan Heinberg,male
Allan Katz,male
Allen Clary,male
Allen Glazier,male
Allison Abner,female
Allison M. Gibson,female
Allison Schroeder,female
Allison Silverman,female
Allison Walton,female
Ally Musika,female
Allyn Freeman,male
Alyssa Clark,female
Amanda Johns,female
Amanda Kate Shuman,female
Amelie Gillette,female
Amy Aniobi,female
Amy Berg,female
Amy Gershwin,female
Amy Harris,female
Amy Poehler,female
Amy Sherman-Palladino,female
Amy Toomin Straus,female
Anders Holm,male
Andrea Allen-Wiley,female
Andres Salaff,male
Andrew Aronsohn,male
Andrew Bartels,male
Andrew Borakove,male
Andrew Clifford,male
Andrew Cosby,male
Andrew Goldberg,male
Andrew Goodman,male
Andrew Gordon,male
Andrew Gormley,male
Andrew Guest,male
Andrew Kreisberg,male
Andrew Law,male
Andrew O'Connor,male
Andrew Orenstein,male
Andrew Reich,male
Andrew Smith,male
Andrew Veeder,male
Andrew W. Marlowe,male
Andy Berman,male
Andy Blitz,male
Andy Bobrow,male
Andy Borowitz,male
Andy Breckman,male
Andy Cochran,male
Andy Cowan,male
Andy Gosche,male
Andy Paley,male
Andy Riley,male
Andy Ristaino,male
Andy Robin,male
Andy Roth,male
Andy Schwartz,male
Angela Harvey,female
Angela Nissel,female
Ann Acacia Kim,female
Anna Christopher,female
Annabel Oakes,female
Anne Cofell Saunders,female
Anne Flett-Giordano,female
Anne Martin,female
Annie Mebane,female
Annie Weisman,female
Anthony Blasucci,male
Anthony Del Broccolo,male
Anthony DiMarco,male
Anthony King,male
Anthony Lombardo,male
Anthony Maranville,male
Anthony Natoli,male
Anthony Q. Farrell,male
Anupam Nigam,male
April Pesa,female
Arielle Díaz,female
Aristotle Kousakis,male
Armen Mirzaian,male
Arnold Rudnick,male
Aron Abrams,male
Art Everett,N/A
Arthur F. Montmorency,male
Arthur Julian,male
Arthur Mathews,male
Arthur Silver,male
Artie Johann,male
Aseem Batra,male
Ashly Burch,female
Ashton Kutcher,male
Audra Sielaff,female
Aury Wallington,female
Azie Mira Dungey,female
Aziz Ansari,male
B.J. Novak,male
Barbie Adler,female
Barrie Nedler,male
Barry Gold,male
Barry Gurstein,male
Barry Langer,male
Barry O'Brien,male
Barry Safchik,male
Barry Schindel,male
Becky Hartman Edwards,female
Becky Mann,female
Ben Best,male
Ben Dougan,male
Ben Elton,male
Ben Gruber,male
Ben Hoffman,male
Ben Joseph,male
Ben Karlin,male
Ben Montanio,male
Ben Nedivi,male
Ben Rodgers,male
Ben Wexler,male
Bennie R. Richburg Jr.,male
Benny Medina,male
Benton Connor,male
Berkley Johnson,male
Bernard Dilbert,male
Bert Youn,male
Beth Armogida,female
Betsy Borns,female
Betsy Landis,female
Bianca Douglas,female
Bill Boulware,male
Bill Callahan,male
Bill Canterbury,male
Bill Freiberger,male
Bill Hader,male
Bill Hooper,male
Bill Idelson,male
Bill Krebs,male
Bill Lawrence,male
Bill Martin,male
Bill Masters,male
Bill Nuss,male
Bill Oakley,male
Bill Odenkirk,male
Bill Prady,male
Bill Steinkellner,male
Bill Wrubel,male
Billy Domineau,male
Billy Kimball,male
Bisanne Masoud,female
Biswapati Sarkar,male
Blair Singer,male
Blake Anderson,male
Blake Lemons,male
Blake McCormick,male
Bob Bendetson,male
Bob Colleary,male
Bob Daily,male
Bob Dearden,male
Bob DeRosa,male
Bob Fisher,male
Bob Fraser,male
Bob Gookin,male
Bob Harris,male
Bob Kushell,male
Bob Nickman,male
Bob Perlow,male
Bob Sand,male
Bob Shaw,male
Bob Stevens,male
Bobby Bowman,male
Bobby Farrelly,male
Bobby Fine,male
Bonnie Sikowitz,female
Bonnie Turner,female
Boswell Cocker,male
Boyd Hale,male
Brad Copeland,male
Brad Falchuk,male
Brad Hall,male
Brad Walsh,male
Brad Yuen,male
Brandon Graham,male
Brenda Hsueh,female
Brendan Fehily,male
Brendan Hay,male
Brendan Kelly,male
Brent Forrester,male
Bret McKenzie,male
Brett Baer,male
Brett Cawley,male
Brian A. Alexander,male
Brian Boyle,male
Brian Bradley,male
Brian Buckner,male
Brian Burns,male
Brian C. Singleton,male
Brian Caldirola,male
Brian Dawson,male
Brian Graden,male
Brian K. Roberts,male
Brian Keith Etheridge,male
Brian Kelley,male
Brian McConnachie,male
Brian Millikin,male
Brian Morante,male
Brian Pollack,male
Brian Reich,male
Brian Rowe,male
Brian Rubenstein,male
Brian Scully,male
Brian Sieve,male
Brian Tanen,male
Brian Wysol,male
Bridger Winegar,male
Briggs Hatton,male
Brigitte Liebowitz,female
Brittany Hilgers,female
Brown Mandell,N/A
Bruce Eric Kaplan,male
Bruce Kirschbaum,male
Bruce Miller,male
Bruce Shelly,male
Bruce Zimmerman,male
Bryan Edward Hill,male
Bryan Fuller,male
Bryan H. Tucker,male
Bryan Moore,male
Bryan Oh,male
Bryan Winter,male
Burak Aksak,male
Burt Metcalfe,male
Burt Prelutsky,male
Burt Styler,male
C.H. Greenblatt,male
Caitlin Meares,female
Callum Blades,male
Calvin Brown Jr.,male
Cameron Welsh,male
Camilla Blackett,female
Candace Bushnell,female
Caprice Crane,female
Carl Kleinschmitt,male
Carl Studebaker,male
Carla Kettner,female
Carlo Hart,male
Carlos Jacott,male
Carly Hallam,female
Carly Mensch,female
Carol Gary,female
Carol Kolb,female
Carol Leifer,female
Carol Mendelsohn,female
Carol Watson,female
Carolina Paiz,female
Caroline Williams,female
Carolyn Omine,female
Carolyn Premish,female
Carrie Kemper,female
Carson Mell,male
Carter Bays,male
Casey Alexander,male
Casey Maxwell Clair,female
Casey Willis,male
Cassie Pappas,female
Cathy Jung,female
Cathy Ladman,female
Cathy Yuspa,female
Cecile Alch,female
Celina Lorenz,female
Chad Gomez Creasey,male
Chadd Gindin,male
Channing Powell,female
Charles Brottmiller,male
Charles Dickens,male
Charles Evered,male
Charles Grant Craig,male
Charles Murray,male
Charles Pratt Jr.,male
Charles S. Forsman,male
Charles Suozzi,male
Charlie Bean,male
Charlie Covell,female
Charlie Day,male
Charlie Grandy,male
Charlie Hauck,male
Charlie Hornsby,male
Charlie Rubin,male
Charmaine Verhagen,female
Chelsea Catalanotto,female
Chelsea Peretti,female
Cheri Steinkellner,female
Cherry Chevapravatdumrong,female
Cheryl Gard,female
Cheryl Holliday,female
Chester Tam,male
Chip Hall,male
Chip Johannessen,male
Chris Alberghini,male
Chris Allison,male
Chris Atwood,male
Chris Black,male
Chris Brown,male
Chris Cluess,male
Chris Colfer,male
Chris Crowe,male
Chris Downey,male
Chris Fedak,male
Chris Harris,male
Chris Henchy,male
Chris Kula,male
Chris Manheim,female
Chris Marcil,male
Chris Marrs,male
Chris Masi,male
Chris McKenna,male
Chris Mitchell,male
Chris Offutt,male
Chris Parrish,male
Chris Peterson,male
Chris Provenzano,male
Chris Reccardi,male
Chris Regan,male
Chris Rego-Marquiis,male
Chris Roberson,male
Chris Romano,male
Chris Sheridan,male
Chrissy Pietrosh,female
Christian Magalhaes,male
Christian McLaughlin,male
Christian Taylor,male
Christian Williams,male
Christina Booth,female
Christine Boylan,female
Christine Roum,female
Christine Zander,female
Christopher Ambrose,male
Christopher J. Waild,male
Christopher Lloyd,male
Christopher Miller,male
Christopher Silber,male
Christy Stratton,female
Chuck Klein,male
Chuck Lorre,male
Chuck Martin,male
Chuck Ranberg,male
Chuck Sklar,male
Chuck Tatham,male
Cindi Hemingway,female
Cindy Appel,female
Cindy Begel,female
Cindy Caponera,female
Cindy Chupack,female
Cindy Morrow,female
Clare O'Kane,female
Clarence Livingston,male
Clay Lapari,male
Clay Tarver,male
Cliff Dorfman,male
Clifton Campbell,male
Clint McCray,male
Cole Sanchez,male
Colleen McGuinness,female
Conan O'Brien,male
Connie Booth,female
Connor Pritchard,male
Conor Galvin,male
Constance M. Burge,female
Cooper McMains,male
Cord Jefferson,male
Corey Nickerson,female
Cory Martin,male
Courtney Lilly,female
Craig DiGregorio,male
Craig Gerard,male
Craig Heller,male
Craig Hoffman,male
Craig Lewis,male
Craig Silverstein,male
Craig Sweeny,male
Craig Thomas,male
Craig W. Van Sickle,male
Craig Wright,male
Curtis Kheel,male
Cynthia Mort,female
D.B. Weiss,male
Dahvi Waller,female
Dailyn Rodriguez,female
Daisy Gardner,female
Daley Haggar,female
Damien Fahey,male
Damon Beesley,male
Dan Castellaneta,male
Dan Chasin,male
Dan Cohen,male
Dan Cross,male
Dan Danko,male
Dan E. Fesman,male
Dan Fybel,male
Dan Greaney,male
Dan Gregor,male
Dan Gurewitch,male
Dan Guterman,male
Dan Harmon,male
Dan Kopelman,male
Dan Lyons,male
Dan McGrath,male
Dan Mintz,male
Dan O'Keefe,male
Dan O'Shannon,male
Dan Peck,male
Dan Povenmire,male
Dan Read,male
Dan Rubin,male
Dan Staley,male
Dan Sterling,male
Dan Vebber,male
Dan Wilcox,male
Dana Coen,female
Dana Gould,female
Dana Klein,female
Dana Scanlon,female
Dani Michaeli,male
Daniel Arkin,male
Daniel Brocklehurst,male
Daniel Chun,male
Daniel Dominguez,male
Daniel Dratch,male
Daniel Furlong,male
Daniel Gaeta,male
Daniel Hsia,male
Daniel J. Goor,male
Daniel Palladino,male
Daniel Schofield,male
Daniel Shattuck,male
Daniel Sinclair,male
Danielle Sanchez-Witzel,female
Danielle Schneider,female
Danita Jones,female
Dannah Feinglass Phirman,female
Danny Baker,male
Danny McBride,male
Danny Smith,male
Danny Zuker,male
Dara Resnik,female
Darcy Meyers,female
Darin Henry,male
Darlene Hunt,female
Darren Star,male
Dava Savel,female
Dave Boerger,male
Dave Chappelle,male
Dave Chernin,male
Dave Finkel,male
Dave Hackel,male
Dave Holstein,male
Dave Jeser,male
Dave King,male
Dave Krinsky,male
Dave Polsky,male
Dave Schiff,male
Dave Shelton,male
Dave Tennant,male
Dave Thomas,male
Dave Willis,male
Davey Holmes,male
David A. Goodman,male
David Amann,male
David Angell,male
David B. Fain,male
David Babcock,male
David Benioff,male
David Bickel,male
David Breckman,male
David Castro,male
David Chambers,male
David Collard,male
David Crane,male
David Faustino,male
David Feeney,male
David Feinberg,male
David Ferguson,male
David Flebotte,male
David Goetsch,male
David Grae,male
David H. Steinberg,male
David Hemingson,male
David Hoge,male
David Hornsby,male
David Ihlenfeld,male
David Isaacs,male
David Iserson,male
David Israel,male
David J. Lagana,male
David J. North,male
David Ketchum,male
David Kohan,male
David Lally,male
David Lawrence,male
David Lee,male
David Lewman,male
David Litt,male
David Lloyd,male
David M. Stern,male
David Mandel,male
David Mirkin,male
David Mitchell,male
David Noel,male
David O'Reilly,male
David Parker,male
David Phillips,male
David Pitlik,male
David Pollock,male
David Quandt,male
David R. Goodman,male
David Regal,male
David Richardson,male
David Rosenberg,male
David S. Rosenthal,male
David S. Williger,male
David Sacks,male
David Saling,male
David Saltzberg,male
David Schladweiler,male
David Schulner,male
David Shecter,male
David Silverman,male
David Slack,male
David Spancer,male
David Steven Simon,male
David Valliere,male
David Walpert,male
David Wright,male
David Wyatt,male
David X. Cohen,male
David Zuckerman,male
Dean Batali,male
Dean Lopata,male
Dean Lorey,male
Dean Widenmann,male
Dean Young,male
Deb Lacusta,female
Deborah Schoeneman,female
Debra Fordham,female
Debra J. Fisher,female
Deepak Sethi,male
Deirdre Mangan,female
Denise Moss,female
Dennis Koenig,male
Dennis Regan,male
Dennis Rinsler,male
Dennis Saldua,male
Dennis Snee,male
Derek Ballard,male
Derek Drymon,male
Derek Iversen,male
Derek Kirk Kim,male
Devin Field,male
Devin O. Mahoney,male
Devon Shepard,male
Deweyne Lamar Lee,male
Diana Ayers,female
Diana Darby,female
Diane Burroughs,female
Diane Ruggiero,female
Dick Blasucci,male
Dick Grunert,male
Dick Wolf,male
Dino Stamatopoulos,male
Dominic Bianchi,male
Dominic Dierkes,male
Dominic Russo,male
Dominique Morisseau,female
Don Foster,male
Don Hertzfeldt,male
Don McEnery,male
Don McGill,male
Don Payne,male
Don Reo,male
Don Segall,male
Don Seigel,male
Don Woodard,male
Donald Diego,male
Donald Glover,male
Donald P. Bellisario,male
Donald R. Beck,male
Donelle Buck,N/A
Donick Cary,male
Doty Abrams,N/A
Doug Ellin,male
Doug Mand,male
Doug McIntyre,male
Doug TenNapel,male
Douglas Adams,male
Douglas Petrie,male
Douglas Steinberg,male
Drew Hancock,male
Drew Z. Greenberg,male
Duncan Sarkies,male
Dusty Kay,male
Dvora Inwood,female
Dylan Haggerty,male
Dylan Moran,male
Dylan Morgan,male
Earl Davis,male
Earl Pomerantz,male
Ed Burnham,male
Ed Fowler,male
Ed Jurist,male
Eddie Feldmann,male
Eddie Gorodetsky,male
Eddie Jim Patterson,male
Eddie Serrano,male
Edgar Allan Poe,male
Edward Voccola,male
Efrem Seeger,male
Elaine Arata,female
Elaine Ko,female
Elaine Newman,female
Elaine Pope,female
Elias Davis,male
Elijah Aron,male
Eliot Glazer,male
Elisa Zuritsky,female
Elizabeth Ann Phang,female
Elizabeth Beall,female
Elizabeth Benjamin,female
Elizabeth Ito,female
Elizabeth Jordan,female
Elizabeth Landau,female
Elizabeth Meriwether,female
Ellen Guylas,female
Ellen Halpin,female
Ellen Herman,female
Ellen Idelson,female
Ellen Kreamer,female
Ellen L. Fogle,female
Ellen Sandler,female
Elliot Shoenman,male
Emily Altman,female
Emily Cutler,female
Emily Kapnek,female
Emily Partridge,female
Emily Silver,female
Emily Spivey,female
Emily Wood,female
Emily Woods,female
Emma Fletcher,female
Emma Rathbone,female
Ennio Torresan,male
Eoghan O'Donnell,male
Eren Celeboglu,male
Eric Abrams,male
Eric Acosta,male
Eric Cohen,male
Eric Falconer,male
Eric Filipkowski,male
Eric Gilliland,male
Eric Horsted,male
Eric Idle,male
Eric Kaplan,male
Eric Lapidus,male
Eric Ledgin,male
Eric Randall,male
Eric Rogers,male
Eric Shaw,male
Eric Sims,male
Eric Tuchman,male
Eric Wallace,male
Eric Weinberg,male
Eric Zicklin,male
Eric Ziobrowski,male
Erica Lipez,female
Erica Messer,female
Erica Rivinoja,female
Erica Rosbe,female
Erik Durbin,male
Erik Richter,male
Erik Sommers,male
Erik Tarloff,male
Erik Wiese,male
Erika Kaestle,female
Erin Ehrlich,female
Ernest 'Tron' Anderson,male
Etan Cohen,male
Etan Frankel,male
Ethan Drogin,male
Ethan Lawrence,male
Ethan Sandler,male
Eugene B. Stein,male
Eunetta T. Boone,female
Evan Dunsky,male
Evan Goldberg,male
Evan Gore,male
Evan Mann,male
Evan Sandman,male
Everett Greenbaum,male
F.J. Pratt,male
Felicia D. Henderson,female
Fran Kaufer,N/A
Frances Brennand Roper,female
Frank Cardea,male
Frank Lombardi,male
Frank Military,male
Frank Mula,male
Frank Pines,male
Fraser Steele,male
Fred Graver,male
Fred Stoller,male
Gabe Liedman,male
Gabe Miller,male
Gabe Sachs,male
Gabriel Roth,male
Gabrielle Allan,female
Gabrielle G. Stanton,female
Gabrielle Topping,female
Gail Lerner,female
Gareth Reynolds,male
Garland Testa,female
Garrett Donovan,male
Garrett Lerner,male
Garry Bowren,male
Gary Apple,male
Gary David Goldberg,male
Gary Glasberg,male
Gary H. Miller,male
Gary Janetti,male
Gary Lennon,male
Gary Markowitz,male
Gary Murphy,male
Gary Torvinen,male
Gary Valentine,male
Gayle Abrams,female
Gemma Baker,female
Gene Braunstein,male
Gene Hong,male
Gene Laufenberg,male
Gene Reynolds,male
Gene Stupnitsky,male
Geneva Hodgson,female
Genevieve Sparling,female
Geoff Haggerty,male
Geoffrey Tock,male
George B. White III,male
George Meyer,male
George Schenck,male
George Sharperson,male
George Sloan,male
George Tricker,male
Gerry Renert,male
Gigi McCreery,female
Gigi Vorgan,female
Gil Goldberg,male
Gil Grant,male
Gil Ozeri,male
Gilbert Hernandez,male
Gina Fattore,female
Gina Lucita Monreal,female
Giuseppe Graziano,male
Glasgow Phillips,male
Glen Charles,male
Glenn Berger,male
Glenn Eichler,male
Glenn Howerton,male
Gloria Calderon Kellett,female
Gloria Ketterer,female
Grace Edwards,female
Graham Chapman,male
Graham Falk,male
Graham Linehan,male
Graham Norris,male
Graham Wagner,male
Greg Ball,male
Greg Cohen,male
Greg Daniels,male
Greg Fields,male
Greg Levine,male
Greg Malins,male
Greg Miller,male
Greg Schaffer,male
Gregg Kavet,male
Gregg Mettler,male
Gregory Thomas Garcia,male
Gregory Thompson,male
Gregory Weidman,male
Gretchen J. Berg,female
Guy Branum,male
Guy Shulman,male
H. Jon Benjamin,male
Hadley Davis,female
Hal Dresner,male
Hallie Cantor,female
Halsted Sullivan,male
Hank Bradford,male
Hank Chilton,male
Hanna K. Nyström,female
Hannibal Buress,male
Harris Wittels,male
Harrison Boyd,male
Harry Shearer,male
Harry Victor,male
Harry Werksman,male
Hart Hanson,male
Hartley Voss,male
Hayes Davenport,male
Heather Flanders,female
Heather Lombard,female
Heather V. Regnier,female
Heide Perlman,female
Henry Alonso Myers,male
Hilary Weisman Graham,female
Hilary Winston,female
Holly Schlesinger,female
Howard Gewirtz,male
Howard Overman,male
Hunter Covington,male
Hy Conrad,male
Iain Morris,male
Ian Brennan,male
Ian Busch,male
Ian Gurvitz,male
Ian Maxtone-Graham,male
Ian Stokes,male
Ilana Wernick,female
Ildy Modrovich,female
Ilunga Adell,male
Ira Fritz,N/A
Ira Ungerleider,female
Ivan Raimi,male
J. Elvis Weinstein,male
J. Stanford Parker,male
J. Stewart Burns,male
J.B. Cook,male
J.D. Ryznar,male
J.G. Quintel,male
J.J. Philbin,female
J.R. Ventimilia,male
Jace Richdale,male
Jack Amiel,male
Jack Barth,male
Jack Bernstein,male
Jack Burditt,male
Jack Kukoda,male
Jack Pendarvis,male
Jackie Filgo,female
Jackie Marcus Schaffer,female
Jacob Brown,male
Jaime Paglia,male
Jake Farrow,male
James Berg,male
James Bobin,male
James Burrows,male
James Eagan,male
James Fritzell,male
James Jay Rubinfier,male
James Krieg,male
James L. Brooks,male
James Lecesne,male
James Roday,male
James Siciliano,male
James Vallely,male
Jamie Dooner,male
Jamie Gorenberg,female
Jamie Rhonheimer,male
Jamie Tatham,male
Jan Citron,female
Janae Bakken,female
Jane Becker,female
Jane Espenson,female
Jane O'Brien,female
Jane Paris,female
Janet Leahy,female
Janet Lin,female
Janet Tamaro,female
Janis Hirsch,female
Jason Daugherity,male
Jason Ganzel,male
Jason Gelles,male
Jason Gorbett,male
Jason Kessler,male
Jason Kim,male
Jason Mantzoukas,male
Jason Ning,male
Jason Venokur,male
Jason Wilborn,male
Jay Abramowitz,male
Jay Dyer,male
Jay Folb,male
Jay Kogen,male
Jay Lender,male
Jaydi Samuels,female
Jeanette Collins,female
Jeanne Baruch,female
Jeanne Romano,female
Jed Seidel,male
Jeff Abugov,male
Jeff Astrof,male
Jeff Chiang,male
Jeff Davis,male
Jeff Eastin,male
Jeff Filgo,male
Jeff Franklin,male
Jeff Greenstein,male
Jeff Judah,male
Jeff Kauffmann,male
Jeff King,male
Jeff Lowell,male
Jeff Martin,male
Jeff Maurer,male
Jeff Pollack,male
Jeff Rake,male
Jeff Rowe,male
Jeff Schaffer,male
Jeff Schimmel,male
Jeff Stein,male
Jeff Strauss,male
Jeff Topolski,male
Jeff Vanderkruik,male
Jeff Vlaming,male
Jeff Westbrook,male
Jeff Wilhelm,male
Jeffrey A. Kirkpatrick,male
Jeffrey B. Hodes,male
Jeffrey Duteil,male
Jeffrey Richman,male
Jemaine Clement,male
Jen Braeden,female
Jen D'Angelo,female
Jen Statsky,female
Jenji Kohan,female
Jenna Bans,female
Jenna Bruce,female
Jenna Lamia,female
Jenna Richman,female
Jenna Wycoff,female
Jenni Hendriks,female
Jennie Snyder Urman,female
Jennifer Ames,female
Jennifer Barrow,female
Jennifer Cecil,female
Jennifer Celotta,female
Jennifer Corbett,female
Jennifer Crittenden,female
Jennifer Glickman,female
Jennifer Keene,female
Jennifer Konner,female
Jennifer Quintenz,female
Jenny Bicks,female
Jeph Loeb,male
Jeremy Howe,male
Jeremy Martin,male
Jeremy Stevens,male
Jerry Collins,male
Jerry Ferrara,male
Jerry Mayer,male
Jerry Perzigian,male
Jerry Ross,male
Jerry Seinfeld,male
Jerry Winnick,male
Jesec Griffin,male
Jesse Armstrong,male
Jesse Moynihan,male
Jesse Stern,male
Jessica Ambrosetti,female
Jessica Bendinger,female
Jessica Chaffin,female
Jessica Gao,female
Jessica Goldstein,female
Jessica Grasl,female
Jessica Hynes,female
Jessica Meyer,female
Jessica Polonsky,female
Jessica Poter,female
Jessica Queller,female
Jessie Miller,female
Jhoni Marchinko,male
Jill Condon,female
Jill E. Blotevogel,female
Jill Effron,female
Jill Franklyn,female
Jill Gordon,female
Jill Soloway,female
Jill Twiss,female
Jillian Tamaki,female
Jim Adler,male
Jim Bernstein,male
Jim Brandon,male
Jim Campolongo,male
Jim Danger Gray,male
Jim Dauterive,male
Jim Keily,male
Jim Lincoln,male
Jim Mulligan,male
Jim O'Doherty,male
Jim Parker,male
Jim Patterson,male
Jim Rash,male
Jim Reynolds,male
Jimmy Aleck,male
Joan Binder Weiss,female
Joan Brooker,female
Joanna Calo,female
Joanne Pagliaro,female
Joanne T. Waters,female
Jody Hill,female
Joe Bolster,male
Joe Chandler,male
Joe Fisch,male
Joe Henderson,male
Joe Hortua,male
Joe Keenan,male
Joe Kelly,male
Joe Lawson,male
Joe Liss,male
Joe Mande,male
Joe Nussbaum,male
Joe Port,male
Joe Rubin,male
Joe Stillman,male
Joe Toplyn,male
Joe Vaux,male
Joe Ventura,male
Joe Wengert,male
Joe Wiseman,male
Joel H. Cohen,male
Joel Hurwitz,male
Joel Madison,male
Joel Valentincic,male
Joey Gutierrez,male
Joey Murphy,male
Johanna Stokes,female
John Altschuler,male
John Bellina,male
John Bowman,male
John Bradford Goodman,male
John Brancato,male
John C. Kelley,male
John Carcieri,male
John Chernin,male
John Cleese,male
John D. Hess,male
John Enbom,male
John Finnemore,male
John Francis Daley,male
John Frink,male
John Glenn Houston,male
John Herrera,male
John Hoberg,male
John J. Sakmar,male
John Levenstein,male
John Oliver,male
John Pardee,male
John Paul Bullock III,male
John Quaintance,male
John R. Morey,male
John Rappaport,male
John Ridley,male
John Riggi,male
John Rinker,male
John Rogers,male
John Romano,male
John Schwab,male
John Solomon,male
John Stephens,male
John Swartzwelder,male
John Unholz,male
John Viener,male
John Vorhaus,male
John W. Regier,male
John Wells,male
Johnny Bonaduce,male
Johnny Hardwick,male
Johnny Otto,male
Jon Brown,male
Jon Cowan,male
Jon Cryer,male
Jon Haller,male
Jon Hayman,male
Jon Kern,male
Jon Kinnally,male
Jon Pollack,male
Jon Schroeder,male
Jon Sherman,male
Jon Silberman,male
Jon Vitti,male
Jon Wurster,male
Jonathan Aibel,male
Jonathan Collier,male
Jonathan Fener,male
Jonathan Goldstein,male
Jonathan Green,male
Jonathan Groff,male
Jonathan Gross,male
Jonathan Hughes,male
Jonathan Kasdan,male
Jonathan Stark,male
Jonathon Roessler,male
Joni Lefkowitz,female
Jordan Blum,male
Jordan Budde,male
Jordan Harrison,male
Jordan Hawley,N/A
Jordan Young,male
Jordana Arkin,female
Jordon Nardino,male
Josann McGibbon,female
Jose Molina,male
Joseph C. Muscat,male
Joseph P. Genier,male
Josh Androsky,male
Josh Berman,male
Josh Bycel,male
Josh Goldsmith,male
Josh Goldstein,male
Josh Gondelman,male
Josh Koenigsberg,male
Josh Lieb,male
Josh Malmuth,male
Josh Parkinson,male
Josh Schwartz,male
Josh Siegal,male
Josh Silberman,male
Josh Weinstein,male
Joshua Lurie,male
Joshua Senter,male
Joshua Sternin,male
Juan Carlos Coto,male
Judah Miller,male
Judd Apatow,male
Judd Rubin,male
Judy Toll,female
Jules Dennis,female
Juli Weiner,female
Julia Pott,female
Julian Meiojas,male
Julie Chambers,female
Julie Mandel Folly,female
Julie Rottenberg,female
Julie Sherman Wolfe,female
Julie Strassman-Cohn,female
Julie Thacker,female
Julius Sharpe,male
June Bliss,female
Justin Brenneman,male
Justin Halpern,male
Justin Hurwitz,male
Justin Noble,male
Justin Nowell,male
Justin Peacock,male
Justin Roiland,male
Justin Sayre,male
Justin Spitzer,male
Justin Tanner,male
K. Snyder,male
Kandace Yvette Williams,female
Karen Hall,female
Karen Kilgariff,female
Karen Wald,female
Karen Wyscarver,female
Karey Dornetto,female
Kari Drake,female
Kari Lizer,female
Karina Csolty,female
Karine Rosenthal,female
Karl Schaefer,male
Karla Nappi,female
Karyn Usher,female
Kassia Miller,female
Kat Likkel,female
Kate Angelo,female
Kate Purdy,female
Kate Robin,female
Kate Sargeant,female
Kath Lingenfelter,female
Katherine Green,female
Kathryn Borel,female
Kathy Ann Stumpe,female
Kathy Reichs,female
Katie Dippold,female
Katie Ford,female
Katie Palmer,female
Katy Ballard,female
Kay Cannon,female
Kaz,male
KC Green,male
Keith Eisner,male
Keith Foglesong,male
Keith Heisler,male
Keith Walker,male
Kell Cahoon,female
Kelly Fullerton,female
Kelly Galuska,female
Kelvin Yu,male
Ken Blankstein,male
Ken Estin,male
Ken Goin,male
Ken Hecht,male
Ken Keeler,male
Ken Levine,male
Kendall Sand,female
Kenny Hotz,male
Kenny Neibart,male
Kenny Schwartz,male
Kent Osborne,male
Kerry Lenhart,female
Kerry Reichs,female
Kevin Avery,male
Kevin Biegel,male
Kevin Biggins,male
Kevin Cecil,male
Kevin Curran,male
Kevin Etten,male
Kevin James,male
Kevin Murphy,male
Kim Clements,female
Kim Rosenstock,female
Kim Weiskopf,female
Kimberly Hill,female
Kira Kalush,female
Kira Snyder,female
Kirk J. Rudell,male
Kirker Butler,male
Kirsten Lepore,female
Kit Boss,male
Kourtney Kang,female
Kris Mukai,female
Krista Vernoff,female
Kristen Schaal,female
Kristin Belka Maier,female
Kristin Gore,female
Kristin Long,female
Kristin Newman,female
Kristofor Brown,male
Kurt Metzger,male
Kyle Long,male
Kyle McCulloch,male
Kyle Newacheck,male
Kyle Steinbach,male
Kylie Condon,female
Lakshmi Sundaram,female
Lamar Woods,male
Lamorne Morris,male
Lance Krall,male
Lang Fisher,female
Lara Olsen,female
Larry Balmagia,male
Larry Charles,male
Larry David,male
Larry Doyle,male
Larry Gelbart,male
Larry Jacobson,male
Larry Levin,male
Larry Moskowitz,male
Larry Strawther,male
Larry Wilmore,male
LaToya Morgan,female
Laura Gutin,female
Laura Kightlinger,female
Laura Knetzger,female
Laura McCreary,female
Laura Wolner,female
Lauren Gurganous,female
Lauren Iungerich,female
Lauren LeFranc,female
Lauren Morelli,female
Lauren Pomerantz,female
Lauren Schuker Blum,female
Laurence Andries,female
Laurence Marks,female
Laurence Walsh,female
Laurie Lee-Goss,female
Laurie Parres,female
Lawrence H. Hartstein,male
Lawrence H. Levy,male
Lee Arcuri,male
Lee Aronsohn,male
Lee David Zlotoff,male
Lee Eisenberg,male
Lee Goldberg,male
Lee H. Grant,female
Leila Cohan-Miccio,female
Leila Gerstein,female
Leila Strachan,female
Leilani Downer,female
Len O'Neill,N/A
Lena Dunham,female
Lena Waithe,female
Leon Carroll Jr.,male
Leonard Ripps,male
Les Charles,male
Lesa Kite,female
Lesley Arfin,female
Lesley Wake,female
Leslie Caveny,female
Leslie Eberhard,female
Leslie Ray,female
Leslie Schapira,female
Lester Lewis,male
Lew Schneider,male
Lewis Alsamari,male
Lewis Morton,male
Lilla Zuckerman,female
Linda Bloodworth-Thomason,female
Linda Burstyn,female
Linda Lane,female
Linda Loiselle Guzik,female
Linda M. Yearwood,female
Linda Morris,female
Linda Videtti Figueiredo,female
Linda Wallem,female
Lindsay Sturman,female
Linwood Boomer,male
Lisa Alden,female
Lisa Chernin,female
Lisa Joy,female
Lisa K. Nelson,female
Lisa Morales,female
Lisa Parsons,female
Lisa Randolph,female
Lisa Rosenthal,female
Lissa Levin,female
Liz Astrof,female
Liz Cackowski,female
Liz Feldman,female
Liz Friedman,female
Liz Sagal,female
Liz Sczudlo,female
Liz Tuccillo,female
Lizzie Molyneux,female
Lloyd Garver,male
Lon Zimmet,male
Loren Bouchard,male
Lori Kirkland Baker,female
Louis C.K.,male
Lucas Sussman,male
Lucy Guy,female
Luke Brookshier,male
Luke Del Tredici,male
Luke Kalteux,male
Luke Passmore,male
Luke Pearson,male
Luther McLaurin,male
Luvh Rakhe,male
Lyla Oliver,female
M.A. Larson,male
M.J. Bassett,female
Maggie Bandur,female
Maggie Rowe,female
Maiya Williams,female
Marc Abrams,male
Marc Ceccarelli,male
Marc Cherry,male
Marc Dube,male
Marc Firek,male
Marc Jaffe,male
Marc Mandel,male
Marc Sedaka,male
Marc Singer,male
Marc Warren,male
Marc Webb,male
Marc Wilmore,male
Marco Pennette,male
Marco Ramirez,male
Marcus Jamal Gaines,male
Marcy Lynn Dewey,N/A
Marcy Vosburgh,female
Margaret Dunlap,female
Maria Espada,female
Maria Ferrari,female
Maria Maggenti,female
Marjorie David,female
Marjorie Gross,female
Mark Banker,male
Mark Brazill,male
Mark Driscoll,male
Mark Fink,male
Mark Fish,male
Mark Goffman,male
Mark Hentemann,male
Mark Hudis,male
Mark J. Kunerth,male
Mark Kruger,male
Mark Lafferty,male
Mark Lisson,male
Mark Nutter,male
Mark O'Hare,male
Mark Reisman,male
Mark Rizzo,male
Mark Roberts,male
Mark Stegemann,male
Mark Steilen,male
Mark Valadez,male
Mark Verheiden,male
Markham O'Keefe,male
Marquita Robinson,female
Marshall Knight,male
Marta Kauffman,female
Marti Noxon,female
Martie Cook,female
Martin Trenaman,male
Martin Weiss,male
Mary Beth Pemberton,female
Mary Kay Place,female
Mary Louise Szekely,female
Mary Trahan,female
Masaaki Yuasa,male
Matt Berry,male
Matt Chapman,male
Matt Fleckenstein,male
Matt Fusfeld,male
Matt Geller,male
Matt Goldman,male
Matt Groening,male
Matt Harrigan,male
Matt Hubbard,male
Matt Kuhn,male
Matt Lawton,male
Matt Marshall,male
Matt McKenna,male
Matt Murray,male
Matt O'Brien,male
Matt Patterson,male
Matt Plonsker,male
Matt Pyken,male
Matt Roller,male
Matt Ross,male
Matt Searle,male
Matt Selman,male
Matt Stone,male
Matt Tarses,male
Matt Thompson,male
Matt Warburton,male
Matt Ward,male
Matt Weitzman,male
Matt Whitney,male
Matt Wolpert,male
Matteo Borghese,male
Matthew Carlson,male
Matthew Donlan,male
Matthew Federman,male
Matthew Hodgson,male
Matthew Lau,male
Matthew Leys,male
Matthew Miller,male
Matthew Negrete,male
Matthew R. Jarrett,male
Matthew Rhys,male
Matthew Salsberg,male
Matthew Silverstein,male
Matthew Thompson,male
Matthew Weisman,male
Matthew Zinman,male
Max Brockman,male
Max Denby,male
Max Mutchnick,male
Max Pross,male
Max Searle,male
Max Tash,male
Max Werner,male
Maxwell Kessler,male
McLean Stevenson,male
Megan Amram,female
Megan Ganz,female
Megan I. McNamara,female
Meghan Pleticha,female
Mehar Sethi,male
Mel Sherer,female
Melissa Rosenberg,female
Meredith Philpott,female
Meredith Scardino,female
Merrill Markoe,female
Merriwether Williams,female
Mert Rich,male
Michael Angeli,male
Michael Anthony Snowden,male
Michael B. Kaplan,male
Michael Begler,male
Michael Benson,male
Michael Borkow,male
Michael Carrington,male
Michael Curtis,male
Michael DeForge,male
Michael Feldman,male
Michael Ferris,male
Michael Fry,male
Michael G. Moye,male
Michael Glouberman,male
Michael Green,male
Michael Hitchcock,male
Michael J. Cinquemani,male
Michael J. Weithorn,male
Michael Jamin,male
Michael Lisbe,male
Michael Nobori,male
Michael Palin,male
Michael Patrick King,male
Michael Pennie,male
Michael Peterson,male
Michael Platt,male
Michael Price,male
Michael Rianda,male
Michael Rowe,male
Michael S. Baser,male
Michael Saikin,male
Michael Schur,male
Michael Shipley,male
Michael Soccio,male
Michael Sonnenschein,male
Michal Zebede,male
Michele J. Wolff,N/A
Michelle Bochner Spitz,female
Michelle Nader,female
Mick Kelly,male
Mike Allred,male
Mike Arnold,male
Mike B. Anderson,male
Mike B. Metz,male
Mike Barker,male
Mike Bell,male
Mike Benner,male
Mike Chessler,male
Mike Desilets,male
Mike Farrell,male
Mike Fasolo,male
Mike Godfrey,male
Mike Haukom,male
Mike Henry,male
Mike Judge,male
Mike Kelley,male
Mike Mariano,male
Mike McMahan,male
Mike Mitchell,male
Mike O'Leary,male
Mike Olsen,male
Mike O'Malley,male
Mike Reiss,male
Mike Rotman,male
Mike Royce,male
Mike Schiff,male
Mike Schwartz,male
Mike Scully,male
Mike Sikowitz,male
Mike White,male
Mimi Friedman,female
Mimi Pond,female
Mindy Kaling,female
Mindy Morgenstern,female
Miranda Thompson,female
Miriam Trogdon,female
Mitch Glazer,male
Mitch Markowitz,male
Mitchell Hurwitz,male
Moira Kirland,female
Moira McMahon,female
Molly McAleer,female
Molly Newman,female
Molly Smith Metzler,female
Monica Macer,female
Monica Padrick,female
Morgan Murphy,female
Mort Scrivner,N/A
Mr. Lawrence,male
Murray Miller,male
Myles Avery Mapp,male
Nahnatchka Khan,female
Nancy Cohen,female
Nancy Eddo,female
Nancy Kiu,female
Nancy Neufeld Callaway,female
Nancy Oliver,female
Nancy Pimental,female
Nancy Steen,female
Naren Shankar,male
Nastaran Dibai,female
Natalie Krinsky,female
Natasha Allegri,female
Nate Cash,male
Nate Crocker,male
Nate DiMeo,male
Nate Federman,male
Nate Reger,male
Nathan Chetty,male
Nathan Jackson,male
Nathaniel Stein,male
Neal Boushell,male
Neal Brennan,male
Neal Howard,male
Ned Goldreyer,male
Ned Martel,male
Ned Vizzini,male
Neil Campbell,male
Neil Goldman,male
Neil Innes,male
Neil Mukhopadhyay,male
Neil Thompson,male
Nell Scovell,female
Nic Wegener,male
Nicholas Wootton,male
Nick Adams,male
Nick Antosca,male
Nick Arnold,male
Nick Bakay,male
Nick Bernardone,male
Nick Jennings,male
Nick Jones,male
Nick Kroll,male
Nick Offerman,male
Nick Thiel,male
Nick Wauters,male
Nicki Paluga,female
Nicolas Wall,male
Nicole Avril,female
Nicole Lorre,female
Nicole Mirante-Matthews,female
Nicole Shabtai,female
Niki Schwartz-Wright,female
Niki Yang,female
Nina Fiore,female
Nina Pedrad,female
Nkechi Okoro,female
Noah Garfinkel,male
Noah Hawley,male
Noelle Valdivia,female
Nora Smith,female
Nora Zuckerman,female
Norm Gunzenhauser,male
Norm Hiscock,male
Oliver Goldstick,male
Ollie Levy,N/A
One,male
Owen Ellickson,male
P. Karen Raper,N/A
P. Sharon,N/A
Padma Atluri,female
Pam Brady,female
Pamela Adlon,female
Pamela Eells,female
Pamela Wick,female
Pang-Ni Landrum,female
Parker Deay,male
Parker Hull,N/A
Pat Charles,male
Patric M. Verrone,male
Patricia Breen,female
Patricia Carr,female
Patricia Niedzialek,female
Patrick Henry,male
Patrick Kienlen,male
Patrick McCarthy,male
Patrick McHale,male
Patrick Meighan,male
Patrick Schumacker,male
Patrick Walsh,male
Patty Lin,female
Paul Abbott,male
Paul Attanasio,male
Paul Corrigan,male
Paul Diamond,male
Paul Feig,male
Paul Kerensa,male
Paul Lieberstein,male
Paul Mooney,male
Paul Perlove,male
Paul Redford,male
Paul Richards,male
Paul Rust,male
Paul Scheer,male
Paul Sciarrotta,male
Paul Simms,male
Paul Stroud,male
Paul Tibbitt,male
Paul Wales,male
Paul Weiland,male
Paula Pell,female
Paula Yoo,female
Pendleton Ward,male
Perry M. Rein,male
Peter Browngardt,male
Peter Burns,male
Peter Casey,male
Peter Farrelly,male
Peter Gaffney,male
Peter Gaulke,male
Peter Huyck,male
Peter Knight,male
Peter Lefcourt,male
Peter Mehlman,male
Peter Ocko,male
Peter Tibbals,male
Peter Tilden,male
Peter Wolk,male
Phil Augusta Jackson,male
Phil Klemmer,male
Phil Lord,male
Philip DeGuere Jr.,male
Philip Rosenthal,male
Philip Stark,male
Phoef Sutton,male
Piper Kerman,female
Polly Guo,female
Prentice Penny,male
R. Lee Fleming Jr.,male
Rachael Bogert,female
Rachel Axler,female
Rachel Hastings,female
Rachel Palmer,female
Rachel Pulido,female
Rachel Sweet,female
Rachele Lynn,female
Rachna Fruchbom,female
Rafe Judkins,male
Ralph Farquhar,male
Ralph Greene,male
Ralph Phillips,male
Raphael Bob-Waksberg,male
Rashad Gheith,male
Rashad Raisani,male
Ray James,male
Ray Romano,male
Rebecca Addelman,female
Rebecca Angelo,female
Rebecca Kirshner,female
Rebecca May,female
Rebecca Parr Cioffi,female
Rebecca Sugar,female
Reed Steiner,male
Reid Harrison,male
Reinhold Weege,male
René Echevarria,male
Rich Blomquist,male
Rich Eustis,male
Rich Fulcher,male
Rich Hosek,male
Rich Rinaldi,male
Richard Appel,male
Richard Arthur,male
Richard Baer,male
Richard Cogan,male
Richard Curtis,male
Richard Day,male
Richard Goodman,male
Richard Greener,male
Richard Gurman,male
Richard Hooker,male
Richard J. Feinstein,male
Richard Matheson,male
Richard Mueller,male
Richard Powell,male
Richard Pursel,male
Richard Rosenstock,male
Richard Rossner,male
Richard Vaczy,male
Rick Beren,male
Rick Cleveland,male
Rick Jacobson,male
Rick Kronberg,male
Rick Mittleman,male
Rick Muirragui,male
Rick Singer,male
Rick Wiener,male
Rick Williams,male
Ricky Blitt,male
Ricky Gervais,male
Rina Mimoun,female
Rinne Groff,female
Rivka Sophia Rossi,female
Rob Dames,male
Rob DesHotel,male
Rob Edwards,male
Rob Forman,male
Rob Fresco,male
Rob Greenberg,male
Rob Hanning,male
Rob LaMorgese,male
Rob LaZebnik,male
Rob Long,male
Rob Lotterstein,male
Rob McElhenney,male
Rob Rosell,male
Rob Sheridan,male
Rob Thomas,male
Rob Turbovsky,male
Rob Ulin,male
Rob Weiss,male
Rob Wright,male
Robert Bella,male
Robert Bruce,male
Robert Carlock,male
Robert Cohen,male
Robert De Laurentiis,male
Robert Klane,male
Robert Maitia,male
Robert Padnick,male
Robert Palm,male
Robert Smigel,male
Robert Snow,male
Robert Webb,male
Roberto Aguirre-Sacasa,male
Roberto Benabib,male
Robia Rashid,female
Robin Driscoll,male
Robin Sayers,female
Robin Stein,male
Rock Reuben,male
Rod Burton,male
Roger Director,male
Roger Garrett,male
Rolin Jones,male
Ron Burla,male
Ron Corcillo,male
Ron Darian,male
Ron Fitzgerald,male
Ron Hauge,male
Ron Leavitt,male
Ron Milbauer,male
Ron Morgove,male
Ron Weiner,male
Ron Zimmerman,male
Ronny Graham,male
Ross Abrash,male
Ross Maxwell,male
Rowan Atkinson,male
Russel Friend,male
Russell Arthur,male
Russell Marcus,male
Ryan A. Levin,male
Ryan Koh,male
Ryan Kramer,male
Ryan Murphy,male
Ryan O'Connell,male
Ryan Ridley,male
Ryan Walls,male
Saladin K. Patterson,male
Sallie Patrick,female
Sally Bradford,female
Salvatore Savo,male
Sam Alden,male
Sam Bain,male
Sam Brenner,N/A
Sam Henderson,male
Sam Henry Kass,male
Sam Johnson,male
Sam Laybourne,male
Sam Means,male
Sam O'Neal,male
Sam Raimi,male
Sam Simon,male
Samm-Art Williams,male
Sandra Silverstein,female
Sandy Frank,female
Sandy Sprung,female
Sanford Golden,male
Sanjay Shah,male
Sara Finney-Johnson,female
Sara Hess,female
Sara Parriott,female
Sara Saedi,female
Sarah Carbiener,female
Sarah Goldfinger,female
Sarah Heyward,female
Sarah K. Moss,female
Sarah McLaughlin,female
Sarah Nevada Smith,female
Sarah Peters,female
Sarah Schneider,female
Sarah Tapscott,female
Sarah Walker,female
Sarit Catz,female
Sasha Stroman,female
Scott A. Williams,male
Scott Buck,male
Scott Chernoff,male
Scott J. Jarrett,male
Scott Jacobson,male
Scott Kaufer,male
Scott Kirby,male
Scott Marder,male
Scott Nimerfro,male
Scott Rosenbaum,male
Scott Rutherford,male
Scott Sanford Tobis,male
Scott Sherman,male
Scott Silveri,male
Scott Spencer Gorden,male
Scott Weinger,male
Scott Zimbler,male
Scotty Landes,male
Sean Charmatz,male
Sean Clements,male
Sean Jablonski,male
Sean Jimenez,male
Sean Reycraft,male
Sean Russell,male
Sean Veder,male
Sebastian Jones,male
Seo Jung Kim,female
Seth Kurland,male
Seth MacFarlane,male
Seth Rogen,male
Shalisha Francis,female
Shana Goldberg-Meehan,female
Shane Brennan,male
Shannon Gaughan,female
Sharl Scharfer-Rollins,female
Sharyn Rothstein,female
Shawn Boxe,male
Shawn Harwell,male
Shawn Ries,male
Shawn Schepps,female
Shawn Simmons,male
Shawn Waugh,male
Sheila Callaghan,female
Sheila R. Lawrence,female
Sheldon Bull,male
Sheldon Keller,male
Sheldon Krasner,male
Sherm Cohen,male
Sherry Bilsing,female
Shion Takeuchi,female
Sian Heder,female
Sid Dorfman,male
Sid Youngers,male
Simon Blackwell,male
Simon Muntner,male
Simon Pegg,male
Simon Rich,male
Siobhan Byrne O'Connor,female
Sivert Glarum,male
Sjoux Doanham,N/A
Skyler Page,male
Sloane Leong,female
Solomon Georgio,male
Somvilay Xayaphone,male
Sona Panos,female
Sonja Warfield,female
Sonny Lee,male
Sophia Lear,female
Spencer Porter,male
Spike Feresten,male
Stacey Hur,female
Stacie Lipp,female
Stacy Traub,female
Stan Frankel,male
Stan Zimmerman,male
Stephanie Gillis,female
Stephanie Hicks,female
Stephanie Savage,female
Stephen Basilone,male
Stephen Engel,male
Stephen Falk,male
Stephen Hillenburg,male
Stephen Levinson,male
Stephen Lloyd,male
Stephen Merchant,male
Stephen Nathan,male
Stephen Rannazzisi,male
Stephen Scaia,male
Steve Bannos,male
Steve Bing,male
Steve Blackman,male
Steve Callaghan,male
Steve Carell,male
Steve Crider,male
Steve Faber,male
Steve Fonti,male
Steve Franks,male
Steve Gabriel,male
Steve Granat,male
Steve Hanna,male
Steve Hely,male
Steve Holland,male
Steve Joe,male
Steve Koren,male
Steve Little,male
Steve Lookner,male
Steve Marmel,male
Steve O'Donnell,male
Steve Pepoon,male
Steve Skrovan,male
Steve Tompkins,male
Steve Turner,male
Steve Viksten,male
Steve Wolfhard,male
Steve Yockey,male
Steve Young,male
Steven Banks,male
Steven Cragg,male
Steven D. Binder,male
Steven Davis,male
Steven James Meyer,male
Steven Kane,male
Steven Kriozere,male
Steven Levitan,male
Steven Long Mitchell,male
Steven Molaro,male
Steven Rosenhaus,male
Steven Rubinshteyn,male
Steven Schachter,male
Steven White,male
Steven Wright,male
Stu Kreisman,male
Stu Levine,male
Sue Herring,female
Sue Kolinsky,female
Susan Beavers,female
Susan Borowitz,female
Susan Cridland Wick,female
Susan Hurwitz Arneson,female
Susan McMartin,female
Susan Nirah Jaffe,female
Susan Sebastian,female
Susan Seeger,female
Susan Van Allen,female
Suzanne Keilly,female
Suzanne Martin,female
Suzie V. Freeman,female
Sy Dukane,male
Sy Rosen,male
Sylvain Chomet,male
Tad Quill,male
Taii K. Austin,female
Taika Waititi,female
Talia Gonzalez,female
Tami Sagher,female
Tanner Tananbaum,male
Tanya Ward,female
Tara Hernandez,female
Tara Herrmann,female
Taylor Elmore,female
Taylor Martin,female
Ted Cohen,male
Ted Jessup,male
Ted Peterson,male
Terence Paul Winter,male
Teresa Hsiao,female
Teresa Lin,female
Terrence Coli,male
Terri Edda Miller,female
Terri Hughes,female
Terri Minsky,female
Terry Gilliam,male
Terry Jones,male
Terry Maloney Haley,male
Terry Turner,male
Tesha Kondrat,female
Thad Mumford,male
Thania St. John,female
Theresa Mulligan,female
Thomas Chastain,male
Thomas L. Moran,male
Thomas Wellmann,male
Thurop Van Orman,male
Tim Carvell,male
Tim Croston,male
Tim Doyle,male
Tim Griffin,male
Tim Hill,male
Tim Hobert,male
Tim Kelleher,male
Tim Long,male
Tim McAuliffe,male
Tim Meltreger,male
Tim Peach,male
Tim Saccardo,male
Tim Talbott,male
Tim Wollaston,male
Timothy J. Lea,male
Timothy McKeon,male
Timothy Stack,male
Tina Fey,female
Tod Himmel,male
Todd Craig,male
Todd Harthan,male
Todd Newman,male
Todd Waldman,male
Tom Amundsen,male
Tom Anderson,male
Tom Basden,male
Tom Burkhard,male
Tom Caltabiano,male
Tom Ceraulo,male
Tom Devanney,male
Tom Gammill,male
Tom Garrigus,male
Tom Herpich,male
Tom Hertz,male
Tom Kapinos,male
Tom Kauffman,male
Tom Kenny,male
Tom King,male
Tom Leopold,male
Tom Martin,male
Tom Mason,male
Tom Maxwell,male
Tom Paris,male
Tom Reeder,male
Tom Root,male
Tom Ruprecht,male
Tom Saunders,male
Tom Scharpling,male
Tom Seeley,male
Tom Spezialy,male
Tommy Reahard,male
Tomohiro Suzuki,male
Tony Carbone,male
Tony De Sena,male
Tony Gama-Lobo,male
Tony Goodman,male
Tony Sheehan,male
Tory Walker,female
Tracey Stern,female
Tracey Wigfield,female
Tracy Gamble,female
Tracy Newman,female
Tracy Poust,female
Tracy Reilly,female
Travis Bowe,male
Travis Romero,male
Trevor Alper,male
Trevor Dellecave,male
Trey Parker,male
Tricia McAlpin,female
Trisha Nixon,female
Tuck Tucker,female
Tucker Cawley,male
Valentina Garza,female
Valerie Ahern,female
Valerie Brotski,female
Valerie Watson,female
Vali Chandrasekaran,male
Vanessa McCarthy,female
Vanessa Reisen,female
Varina Bleil,female
Vera Herbert,female
Vera Santamaria,female
Veronica McCarthy,female
Vic Rauseo,male
Victor Fresco,male
Victoria Morrow,female
Vida Spears,female
Vince Cheung,male
Vincent Waller,male
Wade Randolph,male
Wallace Wolodarsky,male
Walt Dohrn,male
Walter D. Dishell,male
Warren Bell,male
Warren Lieberstein,male
Wayne Kline,male
Wellesley Wild,male
Wendy Mass,female
Wendy Mericle,female
Wendy Molyneux,female
Wes Lukey,male
Wesley S. Nickerson III,male
Whitney Cummings,female
Wil Calhoun,male
Will Beall,male
Will Berson,male
Will Forte,male
Will Smith,male
Will Tracy,male
Will Wallace,male
William Bromell,male
William H. Brown,male
William H. Macy,male
William Lucas Walker,male
William Missouri Downs,male
William Rabkin,male
William Reiss,male
William Rogers,male
William Schifrin,male
William Wright,male
Winifred Hervey,female
Wyatt Cenac,male
Yael Zinkow,female
Yassir Lester,male
Zach Paez,male
Zach Posner,male
Zachary Rosenblatt,male
Zack Slovinsky,male
Zeus Cervas,male
Zev Borow,male
Zoë Green,female
Zoe Jarman,female
